{
  "uniqueFunctions": [
    {
      "id": 1,
      "name": "greet",
      "file": "example.js",
      "path": "/home/chicku/Documents/Sem_6/CK/test/example.js",
      "language": "JavaScript",
      "parameters": {
        "count": 1,
        "types": [
          "unknown"
        ]
      },
      "parentClass": null,
      "parentFunction": null,
      "startLine": 1,
      "endLine": 3
    }
  ],
  "functionCalls": [
    {
      "callerId": 1,
      "calleeId": null,
      "isInsideIfElseOrSwitch": false,
      "isInsideLoopOrEnvironment": false,
      "isDifferentLanguage": false,
      "isDifferentModule": false,
      "isInsideClass": false,
      "isInsideFunction": true
    }
  ]
}